{
    "loss": 20.75518035888672,
    "accuracy": 0.5503472089767456
}