{
    "loss": 1.205956220626831,
    "accuracy": 0.5789930820465088
}