{
    "loss": 1.252866268157959,
    "accuracy": 0.8272569179534912
}