{
    "loss": 8.364080429077148,
    "accuracy": 0.6692708134651184
}