{
    "loss": 4.76881217956543,
    "accuracy": 0.6467013955116272
}