{
    "loss": 11.185527801513672,
    "accuracy": 0.5677083134651184
}